<?xml version="1.0" encoding="UTF-8"?><idempiere Name="AD_Process" Version="1.0.0" idempiereVersion="7.1.0.qualifier" DataBaseVersion="2019-11-22" Description="" Author="SuperUser" AuthorEmail="superuser @ idempiere.com" CreatedDate="Thu Sep 24 16:56:55 VET 2020" UpdatedDate="Thu Sep 24 16:56:55 VET 2020" PackOutVersion="100" UpdateDictionary="true" Client="0-SYSTEM-System" AD_Client_UU="11237b53-9592-4af1-b3c5-afd216514b5d">
    <AD_Process type="table">
        <AD_Process_ID>261</AD_Process_ID>
        <AD_Client_ID>0</AD_Client_ID>
        <AD_Org_ID>0</AD_Org_ID>
        <AD_Process_ID>261</AD_Process_ID>
        <IsActive>Y</IsActive>
        <Name>Create &amp; Invite</Name>
        <Description>Create RfQ and Invite Vendors</Description>
        <Help>Create (missing) RfQ Responses and optionally send EMail Invitation/Reminder to Vendors to respond to RfQ</Help>
        <ProcedureName/>
        <IsReport>N</IsReport>
        <Value>C_RfQ_Create</Value>
        <IsDirectPrint>N</IsDirectPrint>
        <AD_ReportView_ID reference="id"/>
        <Classname>net.frontuari.lvecustomprocess.process.FTURfQCreate</Classname>
        <AccessLevel>3</AccessLevel>
        <EntityType>D</EntityType>
        <Statistic_Count>89</Statistic_Count>
        <Statistic_Seconds>268</Statistic_Seconds>
        <AD_PrintFormat_ID reference="id"/>
        <WorkflowValue/>
        <AD_Workflow_ID reference="id"/>
        <IsBetaFunctionality>N</IsBetaFunctionality>
        <IsServerProcess>N</IsServerProcess>
        <ShowHelp>Y</ShowHelp>
        <JasperReport/>
        <AD_Form_ID reference="id"/>
        <CopyFromProcess/>
        <AD_Process_UU>aebdfe85-a0aa-4d09-a5af-b7e8ffa98db4</AD_Process_UU>
        <AD_CtxHelp_ID reference="id"/>
        <ExecutionType/>
        <AllowMultipleExecution/>
        <AD_Process_Trl type="translation">
            <Help>Cree (faltando) las respuestas de SCP (RfQ) y envíe opcionalmente email Invitación/Remitente a los proveedores para responder a SCP (RfQ)</Help>
            <Description>Crea SCP (RfQ) e invita a los proveedores</Description>
            <Name>Crea e Invita</Name>
            <AD_Language>es_CO</AD_Language>
            <IsActive>Y</IsActive>
            <IsTranslated>Y</IsTranslated>
        </AD_Process_Trl>
        <AD_Reference type="table">
            <AD_Reference_ID>20</AD_Reference_ID>
            <AD_Client_ID>0</AD_Client_ID>
            <AD_Org_ID>0</AD_Org_ID>
            <AD_Reference_ID>20</AD_Reference_ID>
            <Name>Yes-No</Name>
            <Description>CheckBox</Description>
            <Help/>
            <ValidationType>D</ValidationType>
            <IsActive>Y</IsActive>
            <VFormat/>
            <EntityType>D</EntityType>
            <IsOrderByValue>N</IsOrderByValue>
            <AD_Reference_UU>1dab6dbd-8d84-4ba5-87df-e2ca93d2c976</AD_Reference_UU>
            <AD_Element_ID reference="id"/>
            <AD_Reference_Trl type="translation">
                <Help/>
                <Name>Si/No</Name>
                <Description>Cuadro de Verificación</Description>
                <AD_Language>es_CO</AD_Language>
                <IsActive>Y</IsActive>
                <IsTranslated>Y</IsTranslated>
            </AD_Reference_Trl>
        </AD_Reference>
        <AD_Element type="table">
            <AD_Element_ID>2476</AD_Element_ID>
            <AD_Client_ID>0</AD_Client_ID>
            <AD_Org_ID>0</AD_Org_ID>
            <AD_Element_ID>2476</AD_Element_ID>
            <IsActive>Y</IsActive>
            <ColumnName>IsSendRfQ</ColumnName>
            <Name>Send RfQ Invitation to Vendors</Name>
            <Description>Send the RfQ Invitation to the Vendors</Description>
            <Help/>
            <PrintName>Send RfQ to Vendor</PrintName>
            <PO_Description/>
            <PO_Help/>
            <PO_Name/>
            <PO_PrintName/>
            <EntityType>D</EntityType>
            <AD_Element_UU>b8bd693f-8e36-411c-8429-8c47ad4a8e9f</AD_Element_UU>
            <Placeholder/>
            <AD_Element_Trl type="translation">
                <Help/>
                <PO_Description/>
                <PO_Help/>
                <Name>Envía invitación de SCP (RfQ) a los proveedores</Name>
                <Description>Envía la invitación (RfQ) para los proveedores.</Description>
                <PrintName>Envía invitación de SCP (RfQ) a los proveedores</PrintName>
                <PO_Name/>
                <PO_PrintName/>
                <Placeholder/>
                <AD_Language>es_CO</AD_Language>
                <IsActive>Y</IsActive>
                <IsTranslated>Y</IsTranslated>
            </AD_Element_Trl>
        </AD_Element>
        <AD_Process_Para type="table">
            <AD_Process_Para_ID>472</AD_Process_Para_ID>
            <AD_Client_ID>0</AD_Client_ID>
            <AD_Org_ID>0</AD_Org_ID>
            <AD_Process_Para_ID>472</AD_Process_Para_ID>
            <IsActive>Y</IsActive>
            <Name>Send RfQ Invitation to Vendors</Name>
            <Description>Send the RfQ Invitation to the Vendors</Description>
            <Help/>
            <AD_Process_ID reference="id">261</AD_Process_ID>
            <SeqNo>10</SeqNo>
            <AD_Reference_ID reference="id">20</AD_Reference_ID>
            <AD_Reference_Value_ID reference="id"/>
            <IsRange>N</IsRange>
            <AD_Val_Rule_ID reference="id"/>
            <FieldLength>0</FieldLength>
            <IsMandatory>N</IsMandatory>
            <DefaultValue/>
            <VFormat/>
            <ValueMin/>
            <ValueMax/>
            <ColumnName>IsSendRfQ</ColumnName>
            <DefaultValue2/>
            <IsCentrallyMaintained>Y</IsCentrallyMaintained>
            <EntityType>D</EntityType>
            <AD_Element_ID reference="id">2476</AD_Element_ID>
            <ReadOnlyLogic/>
            <DisplayLogic/>
            <AD_Process_Para_UU>5d163ddc-6610-4c58-8d55-8c765d0cf2d9</AD_Process_Para_UU>
            <IsEncrypted>N</IsEncrypted>
            <MandatoryLogic/>
            <Placeholder/>
            <Placeholder2/>
            <AD_Process_Para_Trl type="translation">
                <Help/>
                <Name>Envía invitación de SCP (RfQ) a los proveedores</Name>
                <Description>Envía la invitación (RfQ) para los proveedores.</Description>
                <Placeholder/>
                <Placeholder2/>
                <AD_Language>es_CO</AD_Language>
                <IsActive>Y</IsActive>
                <IsTranslated>Y</IsTranslated>
            </AD_Process_Para_Trl>
        </AD_Process_Para>
    </AD_Process>
</idempiere>
