<?xml version="1.0" encoding="UTF-8"?><idempiere Name="Packout-IsDocument" Version="1.0.0" idempiereVersion="" DataBaseVersion="" Description="" Author="" AuthorEmail="argenismrvel@gmail.com" CreatedDate="2020-09-04 18:11:35.3" UpdatedDate="2020-09-04 18:11:35.3" PackOutVersion="100" UpdateDictionary="false" Client="0-SYSTEM-System" AD_Client_UU="11237b53-9592-4af1-b3c5-afd216514b5d">
    <AD_Menu type="table">
        <Parent_ID reference="id">153</Parent_ID>
        <SeqNo>5</SeqNo>
        <AD_Menu_ID>139</AD_Menu_ID>
        <AD_Client_ID>0</AD_Client_ID>
        <AD_Org_ID>0</AD_Org_ID>
        <AD_Menu_ID>139</AD_Menu_ID>
        <Name>Table and Column</Name>
        <Description>Maintain Tables and Columns</Description>
        <Action>W</Action>
        <AD_Window_ID reference="id">100</AD_Window_ID>
        <AD_Workflow_ID reference="id"/>
        <AD_Task_ID reference="id"/>
        <IsActive>Y</IsActive>
        <IsSummary>N</IsSummary>
        <AD_Process_ID reference="id"/>
        <IsSOTrx>Y</IsSOTrx>
        <AD_Form_ID reference="id"/>
        <IsReadOnly>N</IsReadOnly>
        <EntityType>D</EntityType>
        <IsCentrallyMaintained>Y</IsCentrallyMaintained>
        <AD_Menu_UU>d9ad6cd8-036b-4e1c-a796-113586975c79</AD_Menu_UU>
        <AD_InfoWindow_ID reference="id"/>
        <AD_Menu_Trl type="translation">
            <Name>Tabla y Columna</Name>
            <Description>Mantener tablas y columnas</Description>
            <AD_Language>es_CO</AD_Language>
            <IsActive>Y</IsActive>
            <IsTranslated>Y</IsTranslated>
        </AD_Menu_Trl>
        <AD_Menu_Trl type="translation">
            <Name>Tabla y Columna</Name>
            <Description>Mantener tablas y columnas</Description>
            <AD_Language>es_VE</AD_Language>
            <IsActive>Y</IsActive>
            <IsTranslated>Y</IsTranslated>
        </AD_Menu_Trl>
        <AD_TableIndex type="table">
            <AD_TableIndex_ID>200066</AD_TableIndex_ID>
            <AD_Client_ID>0</AD_Client_ID>
            <AD_Org_ID>0</AD_Org_ID>
            <AD_TableIndex_ID>200066</AD_TableIndex_ID>
            <AD_TableIndex_UU>475db1cb-e40c-4382-8a7d-434e93803a18</AD_TableIndex_UU>
            <Description/>
            <EntityType>D</EntityType>
            <IsActive>Y</IsActive>
            <Name>ad_column_trl_uu_idx</Name>
            <AD_Table_ID reference="id">752</AD_Table_ID>
            <Help/>
            <IsCreateConstraint>N</IsCreateConstraint>
            <IsUnique>Y</IsUnique>
            <Processing>N</Processing>
            <AD_Message_ID reference="id"/>
            <TableIndexDrop/>
            <IsKey>N</IsKey>
            <AD_IndexColumn type="table">
                <AD_IndexColumn_ID>200070</AD_IndexColumn_ID>
                <AD_Client_ID>0</AD_Client_ID>
                <AD_Org_ID>0</AD_Org_ID>
                <AD_IndexColumn_ID>200070</AD_IndexColumn_ID>
                <AD_IndexColumn_UU>cf8f6b46-3164-474f-a0b0-cf4f58ad8aa2</AD_IndexColumn_UU>
                <EntityType>D</EntityType>
                <IsActive>Y</IsActive>
                <AD_Column_ID reference="id">60390</AD_Column_ID>
                <AD_TableIndex_ID reference="id">200066</AD_TableIndex_ID>
                <ColumnSQL/>
                <SeqNo>1</SeqNo>
            </AD_IndexColumn>
        </AD_TableIndex>
        <AD_TableIndex type="table">
            <AD_TableIndex_ID>200081</AD_TableIndex_ID>
            <AD_Client_ID>0</AD_Client_ID>
            <AD_Org_ID>0</AD_Org_ID>
            <AD_TableIndex_ID>200081</AD_TableIndex_ID>
            <AD_TableIndex_UU>1798461a-2017-4dde-8fc2-e53a9baebd75</AD_TableIndex_UU>
            <Description/>
            <EntityType>D</EntityType>
            <IsActive>Y</IsActive>
            <Name>ad_field_uu_idx</Name>
            <AD_Table_ID reference="id">107</AD_Table_ID>
            <Help/>
            <IsCreateConstraint>N</IsCreateConstraint>
            <IsUnique>Y</IsUnique>
            <Processing>N</Processing>
            <AD_Message_ID reference="id"/>
            <TableIndexDrop/>
            <IsKey>N</IsKey>
            <AD_IndexColumn type="table">
                <AD_IndexColumn_ID>200086</AD_IndexColumn_ID>
                <AD_Client_ID>0</AD_Client_ID>
                <AD_Org_ID>0</AD_Org_ID>
                <AD_IndexColumn_ID>200086</AD_IndexColumn_ID>
                <AD_IndexColumn_UU>756a8c1d-d8b3-41cb-b2b1-8b75773da9b8</AD_IndexColumn_UU>
                <EntityType>D</EntityType>
                <IsActive>Y</IsActive>
                <AD_Column_ID reference="id">60409</AD_Column_ID>
                <AD_TableIndex_ID reference="id">200081</AD_TableIndex_ID>
                <ColumnSQL/>
                <SeqNo>1</SeqNo>
            </AD_IndexColumn>
        </AD_TableIndex>
        <AD_TableIndex type="table">
            <AD_TableIndex_ID>200082</AD_TableIndex_ID>
            <AD_Client_ID>0</AD_Client_ID>
            <AD_Org_ID>0</AD_Org_ID>
            <AD_TableIndex_ID>200082</AD_TableIndex_ID>
            <AD_TableIndex_UU>1ecdd753-986a-4260-9ca8-e71d11e8ee3b</AD_TableIndex_UU>
            <Description/>
            <EntityType>D</EntityType>
            <IsActive>Y</IsActive>
            <Name>ad_field_column</Name>
            <AD_Table_ID reference="id">107</AD_Table_ID>
            <Help/>
            <IsCreateConstraint>N</IsCreateConstraint>
            <IsUnique>Y</IsUnique>
            <Processing>N</Processing>
            <AD_Message_ID reference="id"/>
            <TableIndexDrop/>
            <IsKey>N</IsKey>
            <AD_IndexColumn type="table">
                <AD_IndexColumn_ID>200087</AD_IndexColumn_ID>
                <AD_Client_ID>0</AD_Client_ID>
                <AD_Org_ID>0</AD_Org_ID>
                <AD_IndexColumn_ID>200087</AD_IndexColumn_ID>
                <AD_IndexColumn_UU>185cf61e-a73c-4038-802f-0fed2f273e46</AD_IndexColumn_UU>
                <EntityType>D</EntityType>
                <IsActive>Y</IsActive>
                <AD_Column_ID reference="id">172</AD_Column_ID>
                <AD_TableIndex_ID reference="id">200082</AD_TableIndex_ID>
                <ColumnSQL/>
                <SeqNo>1</SeqNo>
            </AD_IndexColumn>
            <AD_IndexColumn type="table">
                <AD_IndexColumn_ID>200088</AD_IndexColumn_ID>
                <AD_Client_ID>0</AD_Client_ID>
                <AD_Org_ID>0</AD_Org_ID>
                <AD_IndexColumn_ID>200088</AD_IndexColumn_ID>
                <AD_IndexColumn_UU>4f36db1b-2650-4b83-861d-3e6c8b92799c</AD_IndexColumn_UU>
                <EntityType>D</EntityType>
                <IsActive>Y</IsActive>
                <AD_Column_ID reference="id">174</AD_Column_ID>
                <AD_TableIndex_ID reference="id">200082</AD_TableIndex_ID>
                <ColumnSQL/>
                <SeqNo>2</SeqNo>
            </AD_IndexColumn>
        </AD_TableIndex>
        <AD_TableIndex type="table">
            <AD_TableIndex_ID>200217</AD_TableIndex_ID>
            <AD_Client_ID>0</AD_Client_ID>
            <AD_Org_ID>0</AD_Org_ID>
            <AD_TableIndex_ID>200217</AD_TableIndex_ID>
            <AD_TableIndex_UU>28f2420d-5496-40f7-9b00-67f466ddc7e7</AD_TableIndex_UU>
            <Description/>
            <EntityType>D</EntityType>
            <IsActive>Y</IsActive>
            <Name>ad_table_trl_uu_idx</Name>
            <AD_Table_ID reference="id">746</AD_Table_ID>
            <Help/>
            <IsCreateConstraint>N</IsCreateConstraint>
            <IsUnique>Y</IsUnique>
            <Processing>N</Processing>
            <AD_Message_ID reference="id"/>
            <TableIndexDrop/>
            <IsKey>N</IsKey>
            <AD_IndexColumn type="table">
                <AD_IndexColumn_ID>200246</AD_IndexColumn_ID>
                <AD_Client_ID>0</AD_Client_ID>
                <AD_Org_ID>0</AD_Org_ID>
                <AD_IndexColumn_ID>200246</AD_IndexColumn_ID>
                <AD_IndexColumn_UU>5b4a772e-2f28-4ddd-8622-b1238085fb21</AD_IndexColumn_UU>
                <EntityType>D</EntityType>
                <IsActive>Y</IsActive>
                <AD_Column_ID reference="id">60508</AD_Column_ID>
                <AD_TableIndex_ID reference="id">200217</AD_TableIndex_ID>
                <ColumnSQL/>
                <SeqNo>1</SeqNo>
            </AD_IndexColumn>
        </AD_TableIndex>
        <AD_TableIndex type="table">
            <AD_TableIndex_ID>200216</AD_TableIndex_ID>
            <AD_Client_ID>0</AD_Client_ID>
            <AD_Org_ID>0</AD_Org_ID>
            <AD_TableIndex_ID>200216</AD_TableIndex_ID>
            <AD_TableIndex_UU>15099352-bc59-4ddf-9530-f70d38a314d5</AD_TableIndex_UU>
            <Description/>
            <EntityType>D</EntityType>
            <IsActive>Y</IsActive>
            <Name>ad_table_scriptvalidato_uu_idx</Name>
            <AD_Table_ID reference="id">53059</AD_Table_ID>
            <Help/>
            <IsCreateConstraint>N</IsCreateConstraint>
            <IsUnique>Y</IsUnique>
            <Processing>N</Processing>
            <AD_Message_ID reference="id"/>
            <TableIndexDrop/>
            <IsKey>N</IsKey>
            <AD_IndexColumn type="table">
                <AD_IndexColumn_ID>200245</AD_IndexColumn_ID>
                <AD_Client_ID>0</AD_Client_ID>
                <AD_Org_ID>0</AD_Org_ID>
                <AD_IndexColumn_ID>200245</AD_IndexColumn_ID>
                <AD_IndexColumn_UU>571d0419-4738-4a0f-bd6e-a75890fc1c78</AD_IndexColumn_UU>
                <EntityType>D</EntityType>
                <IsActive>Y</IsActive>
                <AD_Column_ID reference="id">60507</AD_Column_ID>
                <AD_TableIndex_ID reference="id">200216</AD_TableIndex_ID>
                <ColumnSQL/>
                <SeqNo>1</SeqNo>
            </AD_IndexColumn>
        </AD_TableIndex>
        <AD_Ref_List type="table">
            <AD_Ref_List_ID>53503</AD_Ref_List_ID>
            <AD_Client_ID>0</AD_Client_ID>
            <AD_Org_ID>0</AD_Org_ID>
            <AD_Ref_List_ID>53503</AD_Ref_List_ID>
            <Name>Broadcast</Name>
            <Description>Broadcast &lt;&lt;-&gt;&gt;</Description>
            <AD_Reference_ID reference="id">126</AD_Reference_ID>
            <ValidFrom/>
            <ValidTo/>
            <Value>B</Value>
            <IsActive>Y</IsActive>
            <EntityType>EE05</EntityType>
            <AD_Ref_List_UU>1be8a931-6954-4fd9-bc76-e67c6f73fc00</AD_Ref_List_UU>
            <AD_Ref_List_Trl type="translation">
                <Description>Difundir &lt;&lt;-&gt;&gt;</Description>
                <Name>Difundir</Name>
                <AD_Language>es_CO</AD_Language>
                <IsActive>Y</IsActive>
                <IsTranslated>Y</IsTranslated>
            </AD_Ref_List_Trl>
            <AD_Ref_List_Trl type="translation">
                <Description>Difundir &lt;&lt;-&gt;&gt;</Description>
                <Name>Difundir</Name>
                <AD_Language>es_VE</AD_Language>
                <IsActive>Y</IsActive>
                <IsTranslated>Y</IsTranslated>
            </AD_Ref_List_Trl>
        </AD_Ref_List>
        <AD_Element type="table">
            <AD_Client_ID>0</AD_Client_ID>
            <AD_Org_ID>0</AD_Org_ID>
            <IsActive>Y</IsActive>
            <ColumnName>IsDocument</ColumnName>
            <Name>Document</Name>
            <Description/>
            <Help/>
            <PrintName>Document</PrintName>
            <PO_Description/>
            <PO_Help/>
            <PO_Name/>
            <PO_PrintName/>
            <EntityType>FTU</EntityType>
            <AD_Element_UU>eb92f380-2adc-46c7-80f3-24547f6d74f7</AD_Element_UU>
            <Placeholder/>
            <AD_Element_Trl type="translation">
                <Help/>
                <PO_Description/>
                <PO_Help/>
                <Name>Documento</Name>
                <Description/>
                <PrintName>Documento</PrintName>
                <PO_Name/>
                <PO_PrintName/>
                <Placeholder/>
                <AD_Language>es_VE</AD_Language>
                <IsActive>Y</IsActive>
                <IsTranslated>N</IsTranslated>
            </AD_Element_Trl>
        </AD_Element>
        <AD_Column type="table">
            <IsSyncDatabase>Y</IsSyncDatabase>
            <AD_Table_ID reference="id">100</AD_Table_ID>
            <AD_Reference_Value_ID reference="id"/>
            <AD_Client_ID>0</AD_Client_ID>
            <AD_Org_ID>0</AD_Org_ID>
            <Version>0</Version>
            <Name>Document</Name>
            <Description/>
            <Help/>
            <AD_Val_Rule_ID reference="id"/>
            <ColumnName>IsDocument</ColumnName>
            <DefaultValue/>
            <FieldLength>1</FieldLength>
            <IsKey>N</IsKey>
            <IsParent>N</IsParent>
            <IsMandatory>N</IsMandatory>
            <IsTranslated>N</IsTranslated>
            <IsIdentifier>N</IsIdentifier>
            <SeqNo>0</SeqNo>
            <IsEncrypted>N</IsEncrypted>
            <AD_Reference_ID reference="id">20</AD_Reference_ID>
            <IsActive>Y</IsActive>
            <VFormat/>
            <Callout/>
            <AD_Element_ID reference="uuid" reference-key="AD_Element">eb92f380-2adc-46c7-80f3-24547f6d74f7</AD_Element_ID>
            <IsUpdateable>Y</IsUpdateable>
            <AD_Process_ID reference="id"/>
            <ValueMin/>
            <ValueMax/>
            <IsSelectionColumn>N</IsSelectionColumn>
            <ReadOnlyLogic/>
            <EntityType>FTU</EntityType>
            <IsAlwaysUpdateable>N</IsAlwaysUpdateable>
            <ColumnSQL/>
            <MandatoryLogic/>
            <IsAutocomplete>N</IsAutocomplete>
            <IsAllowLogging>Y</IsAllowLogging>
            <FormatPattern/>
            <AD_Chart_ID reference="id"/>
            <AD_Column_UU>2f5c21db-0f42-4d80-8aba-ec44825b6501</AD_Column_UU>
            <IsAllowCopy>Y</IsAllowCopy>
            <SeqNoSelection>0</SeqNoSelection>
            <IsToolbarButton>N</IsToolbarButton>
            <IsSecure>N</IsSecure>
            <FKConstraintName/>
            <FKConstraintType>N</FKConstraintType>
            <PA_DashboardContent_ID reference="id"/>
            <Placeholder/>
            <IsHtml>N</IsHtml>
        </AD_Column>
        <AD_TableIndex type="table">
            <AD_TableIndex_ID>200213</AD_TableIndex_ID>
            <AD_Client_ID>0</AD_Client_ID>
            <AD_Org_ID>0</AD_Org_ID>
            <AD_TableIndex_ID>200213</AD_TableIndex_ID>
            <AD_TableIndex_UU>f8672ac7-8c3a-4c7a-9a74-9a26576ff76c</AD_TableIndex_UU>
            <Description/>
            <EntityType>D</EntityType>
            <IsActive>Y</IsActive>
            <Name>ad_table_name</Name>
            <AD_Table_ID reference="id">100</AD_Table_ID>
            <Help/>
            <IsCreateConstraint>N</IsCreateConstraint>
            <IsUnique>Y</IsUnique>
            <Processing>N</Processing>
            <AD_Message_ID reference="id"/>
            <TableIndexDrop/>
            <IsKey>N</IsKey>
            <AD_IndexColumn type="table">
                <AD_IndexColumn_ID>200242</AD_IndexColumn_ID>
                <AD_Client_ID>0</AD_Client_ID>
                <AD_Org_ID>0</AD_Org_ID>
                <AD_IndexColumn_ID>200242</AD_IndexColumn_ID>
                <AD_IndexColumn_UU>512520d0-8c6c-482d-b601-f889bb7f7787</AD_IndexColumn_UU>
                <EntityType>D</EntityType>
                <IsActive>Y</IsActive>
                <AD_Column_ID reference="id"/>
                <AD_TableIndex_ID reference="id">200213</AD_TableIndex_ID>
                <ColumnSQL>UPPER(TableName)</ColumnSQL>
                <SeqNo>1</SeqNo>
            </AD_IndexColumn>
        </AD_TableIndex>
        <AD_TableIndex type="table">
            <AD_TableIndex_ID>200214</AD_TableIndex_ID>
            <AD_Client_ID>0</AD_Client_ID>
            <AD_Org_ID>0</AD_Org_ID>
            <AD_TableIndex_ID>200214</AD_TableIndex_ID>
            <AD_TableIndex_UU>a28bf7b9-deaf-4807-979b-803c51c20a67</AD_TableIndex_UU>
            <Description/>
            <EntityType>D</EntityType>
            <IsActive>Y</IsActive>
            <Name>ad_table_uu_idx</Name>
            <AD_Table_ID reference="id">100</AD_Table_ID>
            <Help/>
            <IsCreateConstraint>N</IsCreateConstraint>
            <IsUnique>Y</IsUnique>
            <Processing>N</Processing>
            <AD_Message_ID reference="id"/>
            <TableIndexDrop/>
            <IsKey>N</IsKey>
            <AD_IndexColumn type="table">
                <AD_IndexColumn_ID>200243</AD_IndexColumn_ID>
                <AD_Client_ID>0</AD_Client_ID>
                <AD_Org_ID>0</AD_Org_ID>
                <AD_IndexColumn_ID>200243</AD_IndexColumn_ID>
                <AD_IndexColumn_UU>0d14659a-a04b-4e34-9a08-a3a92a3622ad</AD_IndexColumn_UU>
                <EntityType>D</EntityType>
                <IsActive>Y</IsActive>
                <AD_Column_ID reference="id">60505</AD_Column_ID>
                <AD_TableIndex_ID reference="id">200214</AD_TableIndex_ID>
                <ColumnSQL/>
                <SeqNo>1</SeqNo>
            </AD_IndexColumn>
        </AD_TableIndex>
        <AD_Field type="table">
            <AD_Client_ID>0</AD_Client_ID>
            <AD_Org_ID>0</AD_Org_ID>
            <Name>Document</Name>
            <Description/>
            <Help/>
            <AD_Tab_ID reference="id">100</AD_Tab_ID>
            <AD_Column_ID reference="uuid" reference-key="AD_Column">2f5c21db-0f42-4d80-8aba-ec44825b6501</AD_Column_ID>
            <IsDisplayed>Y</IsDisplayed>
            <DisplayLogic/>
            <DisplayLength>1</DisplayLength>
            <SeqNo>100</SeqNo>
            <SortNo/>
            <IsSameLine>N</IsSameLine>
            <IsHeading>N</IsHeading>
            <IsFieldOnly>N</IsFieldOnly>
            <IsEncrypted>N</IsEncrypted>
            <IsActive>Y</IsActive>
            <IsReadOnly>N</IsReadOnly>
            <IsCentrallyMaintained>Y</IsCentrallyMaintained>
            <AD_FieldGroup_ID reference="id"/>
            <EntityType>FTU</EntityType>
            <ObscureType/>
            <AD_Reference_ID reference="id"/>
            <IsMandatory/>
            <DefaultValue/>
            <AD_Reference_Value_ID reference="id"/>
            <AD_Val_Rule_ID reference="id"/>
            <Included_Tab_ID reference="id"/>
            <AD_Field_UU>03a92b90-a565-4818-b971-c3e32b0e7c85</AD_Field_UU>
            <IsAllowCopy/>
            <IsDisplayedGrid>Y</IsDisplayedGrid>
            <SeqNoGrid>200</SeqNoGrid>
            <XPosition>5</XPosition>
            <ColumnSpan>2</ColumnSpan>
            <NumLines>1</NumLines>
            <IsQuickEntry>N</IsQuickEntry>
            <IsUpdateable/>
            <IsAlwaysUpdateable/>
            <MandatoryLogic/>
            <ReadOnlyLogic/>
            <IsToolbarButton/>
            <IsDefaultFocus>N</IsDefaultFocus>
            <IsAdvancedField>N</IsAdvancedField>
            <VFormat/>
            <AD_LabelStyle_ID reference="id"/>
            <AD_FieldStyle_ID reference="id"/>
            <Placeholder/>
            <AD_Field_Trl type="translation">
                <Help/>
                <Description/>
                <Name>Documento</Name>
                <Placeholder/>
                <AD_Language>es_VE</AD_Language>
                <IsActive>Y</IsActive>
                <IsTranslated>N</IsTranslated>
            </AD_Field_Trl>
        </AD_Field>
        <AD_TableIndex type="table">
            <AD_TableIndex_ID>200063</AD_TableIndex_ID>
            <AD_Client_ID>0</AD_Client_ID>
            <AD_Org_ID>0</AD_Org_ID>
            <AD_TableIndex_ID>200063</AD_TableIndex_ID>
            <AD_TableIndex_UU>435e71b7-d905-48b5-b6ac-846c40420a25</AD_TableIndex_UU>
            <Description/>
            <EntityType>D</EntityType>
            <IsActive>Y</IsActive>
            <Name>ad_column_uu_idx</Name>
            <AD_Table_ID reference="id">101</AD_Table_ID>
            <Help/>
            <IsCreateConstraint>N</IsCreateConstraint>
            <IsUnique>Y</IsUnique>
            <Processing>N</Processing>
            <AD_Message_ID reference="id"/>
            <TableIndexDrop/>
            <IsKey>N</IsKey>
            <AD_IndexColumn type="table">
                <AD_IndexColumn_ID>200066</AD_IndexColumn_ID>
                <AD_Client_ID>0</AD_Client_ID>
                <AD_Org_ID>0</AD_Org_ID>
                <AD_IndexColumn_ID>200066</AD_IndexColumn_ID>
                <AD_IndexColumn_UU>32219f79-22a6-4ac5-803d-953c428d7320</AD_IndexColumn_UU>
                <EntityType>D</EntityType>
                <IsActive>Y</IsActive>
                <AD_Column_ID reference="id">60388</AD_Column_ID>
                <AD_TableIndex_ID reference="id">200063</AD_TableIndex_ID>
                <ColumnSQL/>
                <SeqNo>1</SeqNo>
            </AD_IndexColumn>
        </AD_TableIndex>
        <AD_TableIndex type="table">
            <AD_TableIndex_ID>200064</AD_TableIndex_ID>
            <AD_Client_ID>0</AD_Client_ID>
            <AD_Org_ID>0</AD_Org_ID>
            <AD_TableIndex_ID>200064</AD_TableIndex_ID>
            <AD_TableIndex_UU>e838c17d-c98b-4651-addc-cecf237c3db7</AD_TableIndex_UU>
            <Description/>
            <EntityType>D</EntityType>
            <IsActive>Y</IsActive>
            <Name>ad_column_name</Name>
            <AD_Table_ID reference="id">101</AD_Table_ID>
            <Help/>
            <IsCreateConstraint>N</IsCreateConstraint>
            <IsUnique>Y</IsUnique>
            <Processing>N</Processing>
            <AD_Message_ID reference="id"/>
            <TableIndexDrop/>
            <IsKey>N</IsKey>
            <AD_IndexColumn type="table">
                <AD_IndexColumn_ID>200067</AD_IndexColumn_ID>
                <AD_Client_ID>0</AD_Client_ID>
                <AD_Org_ID>0</AD_Org_ID>
                <AD_IndexColumn_ID>200067</AD_IndexColumn_ID>
                <AD_IndexColumn_UU>ad6e1cbc-5d9f-4e0b-9715-a44b898dbcbc</AD_IndexColumn_UU>
                <EntityType>D</EntityType>
                <IsActive>Y</IsActive>
                <AD_Column_ID reference="id">114</AD_Column_ID>
                <AD_TableIndex_ID reference="id">200064</AD_TableIndex_ID>
                <ColumnSQL/>
                <SeqNo>1</SeqNo>
            </AD_IndexColumn>
            <AD_IndexColumn type="table">
                <AD_IndexColumn_ID>200068</AD_IndexColumn_ID>
                <AD_Client_ID>0</AD_Client_ID>
                <AD_Org_ID>0</AD_Org_ID>
                <AD_IndexColumn_ID>200068</AD_IndexColumn_ID>
                <AD_IndexColumn_UU>88c52c45-4747-40e1-b3cf-427aeed423d0</AD_IndexColumn_UU>
                <EntityType>D</EntityType>
                <IsActive>Y</IsActive>
                <AD_Column_ID reference="id"/>
                <AD_TableIndex_ID reference="id">200064</AD_TableIndex_ID>
                <ColumnSQL>UPPER(ColumnName)</ColumnSQL>
                <SeqNo>2</SeqNo>
            </AD_IndexColumn>
        </AD_TableIndex>
        <AD_TableIndex type="table">
            <AD_TableIndex_ID>201073</AD_TableIndex_ID>
            <AD_Client_ID>0</AD_Client_ID>
            <AD_Org_ID>0</AD_Org_ID>
            <AD_TableIndex_ID>201073</AD_TableIndex_ID>
            <AD_TableIndex_UU>f4182255-8184-4cfd-9fc1-fb8b19d3aaf6</AD_TableIndex_UU>
            <Description/>
            <EntityType>D</EntityType>
            <IsActive>Y</IsActive>
            <Name>ad_column_fkconstraintname</Name>
            <AD_Table_ID reference="id">101</AD_Table_ID>
            <Help/>
            <IsCreateConstraint>N</IsCreateConstraint>
            <IsUnique>Y</IsUnique>
            <Processing>N</Processing>
            <AD_Message_ID reference="id"/>
            <TableIndexDrop/>
            <IsKey>N</IsKey>
            <AD_IndexColumn type="table">
                <AD_IndexColumn_ID>201388</AD_IndexColumn_ID>
                <AD_Client_ID>0</AD_Client_ID>
                <AD_Org_ID>0</AD_Org_ID>
                <AD_IndexColumn_ID>201388</AD_IndexColumn_ID>
                <AD_IndexColumn_UU>928de5aa-4a1c-4aed-aaea-86109ba81219</AD_IndexColumn_UU>
                <EntityType>D</EntityType>
                <IsActive>Y</IsActive>
                <AD_Column_ID reference="id"/>
                <AD_TableIndex_ID reference="id">201073</AD_TableIndex_ID>
                <ColumnSQL>UPPER(FKConstraintName)</ColumnSQL>
                <SeqNo>1</SeqNo>
            </AD_IndexColumn>
        </AD_TableIndex>
        <AD_TableIndex type="table">
            <AD_TableIndex_ID>200293</AD_TableIndex_ID>
            <AD_Client_ID>0</AD_Client_ID>
            <AD_Org_ID>0</AD_Org_ID>
            <AD_TableIndex_ID>200293</AD_TableIndex_ID>
            <AD_TableIndex_UU>6fe260d4-433e-4fb2-ba51-41fc8c2502c2</AD_TableIndex_UU>
            <Description/>
            <EntityType>D</EntityType>
            <IsActive>Y</IsActive>
            <Name>ad_zoomcondition_uu_idx</Name>
            <AD_Table_ID reference="id">200066</AD_Table_ID>
            <Help/>
            <IsCreateConstraint>N</IsCreateConstraint>
            <IsUnique>Y</IsUnique>
            <Processing>N</Processing>
            <AD_Message_ID reference="id"/>
            <TableIndexDrop/>
            <IsKey>N</IsKey>
            <AD_IndexColumn type="table">
                <AD_IndexColumn_ID>200330</AD_IndexColumn_ID>
                <AD_Client_ID>0</AD_Client_ID>
                <AD_Org_ID>0</AD_Org_ID>
                <AD_IndexColumn_ID>200330</AD_IndexColumn_ID>
                <AD_IndexColumn_UU>2ddbcef5-d8d5-4a09-a94c-3c03991d77d0</AD_IndexColumn_UU>
                <EntityType>D</EntityType>
                <IsActive>Y</IsActive>
                <AD_Column_ID reference="id">210683</AD_Column_ID>
                <AD_TableIndex_ID reference="id">200293</AD_TableIndex_ID>
                <ColumnSQL/>
                <SeqNo>1</SeqNo>
            </AD_IndexColumn>
        </AD_TableIndex>
        <AD_TableIndex type="table">
            <AD_TableIndex_ID>200258</AD_TableIndex_ID>
            <AD_Client_ID>0</AD_Client_ID>
            <AD_Org_ID>0</AD_Org_ID>
            <AD_TableIndex_ID>200258</AD_TableIndex_ID>
            <AD_TableIndex_UU>91734efa-d08d-4974-981c-56d052396e50</AD_TableIndex_UU>
            <Description/>
            <EntityType>D</EntityType>
            <IsActive>Y</IsActive>
            <Name>ad_viewcolumn_uu_idx</Name>
            <AD_Table_ID reference="id">200088</AD_Table_ID>
            <Help/>
            <IsCreateConstraint>N</IsCreateConstraint>
            <IsUnique>Y</IsUnique>
            <Processing>N</Processing>
            <AD_Message_ID reference="id"/>
            <TableIndexDrop/>
            <IsKey>N</IsKey>
            <AD_IndexColumn type="table">
                <AD_IndexColumn_ID>200289</AD_IndexColumn_ID>
                <AD_Client_ID>0</AD_Client_ID>
                <AD_Org_ID>0</AD_Org_ID>
                <AD_IndexColumn_ID>200289</AD_IndexColumn_ID>
                <AD_IndexColumn_UU>0abc01e1-5174-46dc-aed9-0d6b88fd6864</AD_IndexColumn_UU>
                <EntityType>D</EntityType>
                <IsActive>Y</IsActive>
                <AD_Column_ID reference="id">210573</AD_Column_ID>
                <AD_TableIndex_ID reference="id">200258</AD_TableIndex_ID>
                <ColumnSQL/>
                <SeqNo>1</SeqNo>
            </AD_IndexColumn>
        </AD_TableIndex>
        <AD_TableIndex type="table">
            <AD_TableIndex_ID>200096</AD_TableIndex_ID>
            <AD_Client_ID>0</AD_Client_ID>
            <AD_Org_ID>0</AD_Org_ID>
            <AD_TableIndex_ID>200096</AD_TableIndex_ID>
            <AD_TableIndex_UU>70dee85f-3999-4a49-aaa8-ec571d831c99</AD_TableIndex_UU>
            <Description/>
            <EntityType>D</EntityType>
            <IsActive>Y</IsActive>
            <Name>ad_indexcolumn_uu_idx</Name>
            <AD_Table_ID reference="id">200086</AD_Table_ID>
            <Help/>
            <IsCreateConstraint>N</IsCreateConstraint>
            <IsUnique>Y</IsUnique>
            <Processing>N</Processing>
            <AD_Message_ID reference="id"/>
            <TableIndexDrop/>
            <IsKey>N</IsKey>
            <AD_IndexColumn type="table">
                <AD_IndexColumn_ID>200103</AD_IndexColumn_ID>
                <AD_Client_ID>0</AD_Client_ID>
                <AD_Org_ID>0</AD_Org_ID>
                <AD_IndexColumn_ID>200103</AD_IndexColumn_ID>
                <AD_IndexColumn_UU>d1f6fb80-b8a6-4dd2-ac05-93438ae107af</AD_IndexColumn_UU>
                <EntityType>D</EntityType>
                <IsActive>Y</IsActive>
                <AD_Column_ID reference="id">210534</AD_Column_ID>
                <AD_TableIndex_ID reference="id">200096</AD_TableIndex_ID>
                <ColumnSQL/>
                <SeqNo>1</SeqNo>
            </AD_IndexColumn>
        </AD_TableIndex>
        <AD_TableIndex type="table">
            <AD_TableIndex_ID>200259</AD_TableIndex_ID>
            <AD_Client_ID>0</AD_Client_ID>
            <AD_Org_ID>0</AD_Org_ID>
            <AD_TableIndex_ID>200259</AD_TableIndex_ID>
            <AD_TableIndex_UU>dca9e6d1-d55a-46b5-9b3d-ca16a96fa046</AD_TableIndex_UU>
            <Description/>
            <EntityType>D</EntityType>
            <IsActive>Y</IsActive>
            <Name>ad_viewcomponent_uu_idx</Name>
            <AD_Table_ID reference="id">200087</AD_Table_ID>
            <Help/>
            <IsCreateConstraint>N</IsCreateConstraint>
            <IsUnique>Y</IsUnique>
            <Processing>N</Processing>
            <AD_Message_ID reference="id"/>
            <TableIndexDrop/>
            <IsKey>N</IsKey>
            <AD_IndexColumn type="table">
                <AD_IndexColumn_ID>200290</AD_IndexColumn_ID>
                <AD_Client_ID>0</AD_Client_ID>
                <AD_Org_ID>0</AD_Org_ID>
                <AD_IndexColumn_ID>200290</AD_IndexColumn_ID>
                <AD_IndexColumn_UU>5b8a1397-a32a-4e93-94d8-ffa659aa9cf5</AD_IndexColumn_UU>
                <EntityType>D</EntityType>
                <IsActive>Y</IsActive>
                <AD_Column_ID reference="id">210552</AD_Column_ID>
                <AD_TableIndex_ID reference="id">200259</AD_TableIndex_ID>
                <ColumnSQL/>
                <SeqNo>1</SeqNo>
            </AD_IndexColumn>
        </AD_TableIndex>
        <AD_TableIndex type="table">
            <AD_TableIndex_ID>200218</AD_TableIndex_ID>
            <AD_Client_ID>0</AD_Client_ID>
            <AD_Org_ID>0</AD_Org_ID>
            <AD_TableIndex_ID>200218</AD_TableIndex_ID>
            <AD_TableIndex_UU>1034758f-6f91-48e1-9642-408a3899cf5d</AD_TableIndex_UU>
            <Description/>
            <EntityType>D</EntityType>
            <IsActive>Y</IsActive>
            <Name>ad_tableindex_uu_idx</Name>
            <AD_Table_ID reference="id">200085</AD_Table_ID>
            <Help/>
            <IsCreateConstraint>N</IsCreateConstraint>
            <IsUnique>Y</IsUnique>
            <Processing>N</Processing>
            <AD_Message_ID reference="id"/>
            <TableIndexDrop/>
            <IsKey>N</IsKey>
            <AD_IndexColumn type="table">
                <AD_IndexColumn_ID>200247</AD_IndexColumn_ID>
                <AD_Client_ID>0</AD_Client_ID>
                <AD_Org_ID>0</AD_Org_ID>
                <AD_IndexColumn_ID>200247</AD_IndexColumn_ID>
                <AD_IndexColumn_UU>3b865eb2-cba0-4ecb-b76e-9b3c75f96280</AD_IndexColumn_UU>
                <EntityType>D</EntityType>
                <IsActive>Y</IsActive>
                <AD_Column_ID reference="id">210515</AD_Column_ID>
                <AD_TableIndex_ID reference="id">200218</AD_TableIndex_ID>
                <ColumnSQL/>
                <SeqNo>1</SeqNo>
            </AD_IndexColumn>
        </AD_TableIndex>
        <AD_TableIndex type="table">
            <AD_TableIndex_ID>201074</AD_TableIndex_ID>
            <AD_Client_ID>0</AD_Client_ID>
            <AD_Org_ID>0</AD_Org_ID>
            <AD_TableIndex_ID>201074</AD_TableIndex_ID>
            <AD_TableIndex_UU>ed01f300-0824-4497-84b5-4bcfd4c88db9</AD_TableIndex_UU>
            <Description/>
            <EntityType>D</EntityType>
            <IsActive>Y</IsActive>
            <Name>ad_tableindex_name</Name>
            <AD_Table_ID reference="id">200085</AD_Table_ID>
            <Help/>
            <IsCreateConstraint>N</IsCreateConstraint>
            <IsUnique>Y</IsUnique>
            <Processing>N</Processing>
            <AD_Message_ID reference="id"/>
            <TableIndexDrop>N</TableIndexDrop>
            <IsKey>N</IsKey>
            <AD_IndexColumn type="table">
                <AD_IndexColumn_ID>201389</AD_IndexColumn_ID>
                <AD_Client_ID>0</AD_Client_ID>
                <AD_Org_ID>0</AD_Org_ID>
                <AD_IndexColumn_ID>201389</AD_IndexColumn_ID>
                <AD_IndexColumn_UU>a163915d-a5ba-45f9-9411-144d499af1fd</AD_IndexColumn_UU>
                <EntityType>D</EntityType>
                <IsActive>Y</IsActive>
                <AD_Column_ID reference="id"/>
                <AD_TableIndex_ID reference="id">201074</AD_TableIndex_ID>
                <ColumnSQL>UPPER(Name)</ColumnSQL>
                <SeqNo>1</SeqNo>
            </AD_IndexColumn>
        </AD_TableIndex>
    </AD_Menu>
</idempiere>
